ESDEVENIMENT	PREVISIÓ	Temporada	Municipi	Comarca
18a Setmana de la Música	25-31 març	Resta de l'any	Cassà de la Selva	Gironès
A prop	10 abril - 2 de juliol	Estiu	Girona	Gironès
Acampada Jove a Montblanc. L'Acampada 1.0	13 - 15 juliol	Estiu	Montblanc	Conca de Barberà
Acròbates	2 - 30 novembre	Resta de l'any	l'Hospitalet de Llobregat	Barcelonès
Acústica	31 agost - 3 setembre	Estiu	Figueres	Alt Empordà
AIMS Festival de l'Acadèmia Internacional de Música de Solsona	9 al 12 agost	Estiu	Solsona	Solsonès
Alhambra Festival Jazz Vic	4-14 maig	Resta de l'any	Vic	Osona
Alma Festival Jardins Pedralbes	10-27 juliol	Estiu	Barcelona	Barcelonès
Altacústic	21-23 de juliol	Estiu	Altafulla	Tarragonès
Altaveu. Festival de la Música i la Cançó de Sant Boi de Llobregat - Sant Boi Sona	8-10 setembre	Resta de l'any	Sant Boi de Llobregat	Baix Llobregat
Amb So de Cobla	1-5 agost	Estiu	Palamós	Baix Empordà
Ameba Parkfest	7 de maig	Resta de l'any	Barcelona	Barcelonès
AMFest 	12-14 octubre	Resta de l'any	Barcelona	Barcelonès
Angular Cambra - Festival de Música de Cambra de Sant Cugat	7-9 juliol	Estiu	Sant Cugat del Vallès	Vallès Occidental
Anoia Folk. Festival de Música d'Arrel Tradicional	30 de juliol 	Estiu	la Pobla de Claramunt	Anoia
Anòlia, Festival de Música a Igualada	8-15 de juliol 	Estiu	Igualada	Anoia
ART Llobet. Festival de les Arts i la Guitarra	14 octubre a 5 novembre	Resta de l'any	Pineda de Mar	Maresme
Arts d'Estiu	2-14 agost 	Estiu	Barcelona	Barcelonès
Bachcelona	12-27 juliol 	Estiu	Barcelona	Barcelonès
BAM. Barcelona Acció Musical	22-23-25 de setembre 	Resta de l'any	Barcelona	Barcelonès
Barcelona Obertura Spring Festival	10 - 26 març	Resta de l'any	Barcelona	Barcelonès
Barcelona Rocks 	8 de juliol	Estiu	Barcelona	Barcelonès
Barna 'n' Roll	29 de juliol	Estiu	Barcelona	Barcelonès
Barraques de Sitges	18-20 agost	Estiu	Sitges	Garraf
Beatles Weekend	4-9 juliol	Estiu	Torroella de Montgrí	Baix Empordà
Berguedà Folk	15-17 setembre	Resta de l'any	Puig-reig	Berguedà
BFOS - Barcelona Festival of Song	28 juny-7 juliol	Estiu	Barcelona	Barcelonès
Bioritme	25-28 agost	Estiu	Torelló	Osona
Bis Festival	15 de setembre	Resta de l'any	Barcelona	Barcelonès
Black Music Festival	1 febrer - 26 març	Resta de l'any	Barcelona	Barcelonès
Black Music Festival	1 febrer - 26 març	Resta de l'any	Girona	Gironès
Black Music Festival	1 febrer - 26 març	Resta de l'any	Salt	Gironès
Black Music Festival	1 febrer - 26 març	Resta de l'any	Viladecans	Baix Llobregat
Black Music Festival	1 febrer - 26 març	Resta de l'any	Fornells de la Selva	Gironès
Black Music Festival	1 febrer - 26 març	Resta de l'any	Mataró	Maresme
Black Music Festival	1 febrer - 26 març	Resta de l'any	Reus	Baix Camp
Black Music Festival	1 febrer - 26 març	Resta de l'any	Bescanó	Gironès
Black Music Festival	1 febrer - 26 març	Resta de l'any	Torroella de Montgrí	Baix Empordà
Brot, Festival de Música Jove de Barcelona	30 setembre - 23 octubre	Resta de l'any	Barcelona	Barcelonès
Bruch -In The Park Barcelona	3 juliol - 9 d'octubre	Estiu	Barcelona	Barcelonès
BubblePop	1-2 juliol	Estiu	Barcelona	Barcelonès
Cabró Rock	16-17 de juny	Estiu	Vic	Osona
Canet Rock	1 de juliol	Estiu	Canet de Mar	Maresme
Cantilafont	14 - 15 juliol	Estiu	Olost	Lluçanès
Cantilafont	14 - 15 juliol	Estiu	Alpens	Lluçanès
Cantilafont	14 - 15 juliol	Estiu	Sobremunt	Lluçanès
Càntut - Hostal Cantut	17 al 19 de novembre	Resta de l'any	Cassà de la Selva	Gironès
Capsa de Música de Castellbisbal	7-28 de juliol	Estiu	Castellbisbal	Vallès Occidental
Cara-B	29-30 setembre	Resta de l'any	Barcelona	Barcelonès
Cicle de Concerts d'Orgue a Cabrera de Mar	4 novembre - 24 desembre	Resta de l'any	Cabrera de Mar	Maresme
Cicle de Concerts de Música Clàssica Eulaliana	"El Cicle de Música Clàssica tindrà lloc el 10 i el 24 de febrer 
i el 10 i el 24 de març"	Resta de l'any	Santa Eulàlia de Ronçana	Vallès Oriental
Cicle de Jazz a l'Ametlla	3 juny - 1 juliol	Estiu	l'Ametlla del Vallès	Vallès Oriental
Cicle de Jazz de Bolvir	Dates per confirmar	Resta de l'any	Bolvir	Cerdanya
Cicle de Música als Castells	Juliol, agost, setembre	Estiu	l'Espluga Calba	Garrigues
Cicle de Música als Castells	Juliol, agost, setembre	Estiu	Castellet i la Gornal	Alt Penedès
Cicle de Música als Castells	Juliol, agost, setembre	Estiu	Tarragona	Tarragonès
Cicle de Música als Castells	Juliol, agost, setembre	Estiu	Vimbodí i Poblet	Conca de Barberà
Cicle de Música als Castells	Juliol, agost, setembre	Estiu	Cornellà de Llobregat	Baix Llobregat
Cicle de Música als Castells	Juliol, agost, setembre	Estiu	Castellterçol	Moianès
Cicle de Música als Castells	Juliol, agost, setembre	Estiu	l'Albi	Garrigues
Cicle de Música als Castells	Juliol, agost, setembre	Estiu	Calafell	Baix Penedès
Cicle de Música als Castells	Juliol, agost, setembre	Estiu	Santa Margarida i els Monjos	Alt Penedès
Cicle de Música als Castells	Juliol, agost, setembre	Estiu	la Pobla de Claramunt	Anoia
Cicle de Música Catalana Joan Manén	gener, juny	Estiu	Barcelona	Barcelonès
Cicle DNIT	27 gener - 26 maig	Resta de l'any	Barcelona	Barcelonès
Cicle Secrets. Jornades Musicals a l'Ermita de la Pietat d'Ulldecona	4 juny - 27 agost 	Estiu	Ulldecona	Montsià
Clon Festival	17 juliol - 19 agost	Estiu	Lloret de Mar	Selva
Clotilde Fest	21 juny-12 juliol	Estiu	Barcelona	Barcelonès
CLUBS, art a la pista	9-17 desembre	Resta de l'any	l'Hospitalet de Llobregat	Barcelonès
Concerts d'Estiu de la Vall d'en Bas	Dates per confirmar	Resta de l'any	la Vall d'en Bas	Garrotxa
Concerts de Mitjanit	1-29 juliol	Estiu	Sitges	Garraf
Cornamusam. Festival Internacional de la Cornamusa d'Olot	17 de maig - 21 de maig	Resta de l'any	Olot	Garrotxa
Cruïlla de Tardor	10 novembre - 1 desembre	Resta de l'any	Barcelona	Barcelonès
Cruïlla Primavera	Març-Abril	Resta de l'any	Barcelona	Barcelonès
Daurada Escena	7,14 i 25 d'agost	Estiu	Tarragona	Tarragonès
Daurada Escena	7,14 i 25 d'agost	Estiu	Cambrils	Baix Camp
Daurada Escena	7,14 i 25 d'agost	Estiu	Vandellòs i l'Hospitalet de l'Infant	Baix Camp
Daydream Festival	30-31 de març	Resta de l'any	Montmeló	Vallès Oriental
Deltachamber Music Festival	20 juliol - 6 agost	Estiu	Amposta	Montsià
Deltachamber Music Festival	20 juliol - 6 agost	Estiu	Ulldecona	Montsià
Deltachamber Music Festival	20 juliol - 6 agost	Estiu	Roquetes	Baix Ebre
Desemboca Rock'n'Roll Festival 2023	29-30 abril	Resta de l'any	Castell-Platja d'Aro	Baix Empordà
desFOLCa't  Festival de Música Popular i Tradicional de Calaf	16-17 juny	Estiu	Calaf	Anoia
Diada de la Rumba	Desembre	Resta de l'any	Barcelona	Barcelonès
El Dia Minimúsica	19 de maig	Resta de l'any	Barcelona	Barcelonès
El Ressupó	6-27 juliol	Estiu	Celrà	Gironès
Electrovinyes	Setembre	Resta de l'any	Vilafranca del Penedès	Alt Penedès
ElMini. Festival acústic de butxaca d'Olot	29 de maig 	Resta de l'any	Olot	Garrotxa
Els teus clàssics	Del 21 de gener al 16 de juny	Estiu	Barcelona	Barcelonès
Els teus clàssics	Del 21 de gener al 16 de juny	Estiu	Llinars del Vallès	Vallès Oriental
Els teus clàssics	Del 21 de gener al 16 de juny	Estiu	Manlleu	Osona
Els teus clàssics	Del 21 de gener al 16 de juny	Estiu	Reus	Baix Camp
Els teus clàssics	Del 21 de gener al 16 de juny	Estiu	Sant Cugat del Vallès	Vallès Occidental
Els teus clàssics	Del 21 de gener al 16 de juny	Estiu	el Vendrell	Baix Penedès
Els Vespres d’Hivern	Del 3 al 24 de febrer	Resta de l'any	Barcelona	Barcelonès
Els Vespres de la UB	11-20 juliol	Estiu	Barcelona	Barcelonès
Embassa't	19-20 maig	Resta de l'any	Sabadell	Vallès Occidental
Embotona't - Festival familiar inclusiu de música	11 de juny	Estiu	Barcelona	Barcelonès
Emergents Barcelona Music Festival	9-12 febrer	Resta de l'any	Barcelona	Barcelonès
Emplaça't	31 juliol - 3 agost	Estiu	Cabrera de Mar	Maresme
Empordà Music Festival	29 de juliol	Estiu	la Bisbal d'Empordà	Baix Empordà
Enderrock 30 anys	3-25 de maig	Resta de l'any	Barcelona	Barcelonès
Endofest	maig	Resta de l'any	Premià de Dalt	Maresme
Esperanzah! World Music Festival	6-8 octubre	Resta de l'any	el Prat de Llobregat	Baix Llobregat
Espurnes	12-13 maig	Resta de l'any	Llagostera	Gironès
Espurnes Barroques	12 maig-11 juny	Estiu	Manresa	Bages
Espurnes Barroques	12 maig-11 juny	Estiu	Riner	Solsonès
Espurnes Barroques	12 maig-11 juny	Estiu	Pujalt	Anoia
Espurnes Barroques	12 maig-11 juny	Estiu	La Molsosa	Solsonès
Espurnes Barroques	12 maig-11 juny	Estiu	Sant Mateu de Bages	Bages
Espurnes Barroques	12 maig-11 juny	Estiu	Súria	Bages
Espurnes Barroques	12 maig-11 juny	Estiu	Estaràs	Segarra
Espurnes Barroques	12 maig-11 juny	Estiu	Pinós	Solsonès
Espurnes Barroques	12 maig-11 juny	Estiu	Calonge de Segarra	Anoia
Espurnes Barroques	12 maig-11 juny	Estiu	Sant Ramon	Segarra
Essències festival	5 de novembre	Resta de l'any	Montblanc	Conca de Barberà
Estiu&Jazz, Festival de Jazz de Girona	2-21 juliol	Estiu	Girona	Gironès
Estival de Jazz d'Igualada 	8-10 juny	Estiu	Igualada	Anoia
Ethno Catalonia	22 - 31 juliol	Estiu	Banyoles	Pla de l'Estany
Eufònic	24-27 agost	Estiu	Amposta	Montsià
Eufònic	24-27 agost	Estiu	Tortosa	Baix Ebre
Eufònic	24-27 agost	Estiu	Miravet	Ribera d'Ebre
Eufònic	24-27 agost	Estiu	Roquetes	Baix Ebre
Eufònic	24-27 agost	Estiu	Ulldecona	Montsià
FABA. Festival Artístic del Barri Antic de Manresa	7-13  maig	Resta de l'any	Manresa	Bages
FemJazz! Festival Emergències Musicals de Banyoles	26-27 maig	Resta de l'any	Banyoles	Pla de l'Estany
FemPop Festival	12 de març 	Resta de l'any	Cabrils	Maresme
Festisurf Costa Brava	23 de setembre	Resta de l'any	Castell-Platja d'Aro	Baix Empordà
Festiuet	3-5 agost	Estiu	el Vendrell	Baix Penedès
Festival (A)Phonica	30 juny - 2 juliol 	Estiu	Banyoles	Pla de l'Estany
Festival a Granera	1 juliol -9 setembre	Estiu	Granera	Moianès
Festival Accents	21 octubre-10 març	Resta de l'any	Reus	Baix Camp
Festival Accents	21 octubre-10 març	Resta de l'any	Cambrils	Baix Camp
Festival Accents	21 octubre-10 març	Resta de l'any	la Selva del Camp	Baix Camp
Festival B 2023	29-30 setembre	Resta de l'any	Barcelona	Barcelonès
Festival Barnasants	27 gener - 18 maig  	Resta de l'any	Barcelona	Barcelonès
Festival Barnasants	27 gener - 18 maig  	Resta de l'any	Badalona	Barcelonès
Festival Barnasants	27 gener - 18 maig  	Resta de l'any	Sant Feliu de Llobregat	Baix Llobregat
Festival Barnasants	27 gener - 18 maig  	Resta de l'any	l'Hospitalet de Llobregat	Barcelonès
Festival Barnasants	27 gener - 18 maig  	Resta de l'any	Sant Cugat del Vallès	Vallès Occidental
Festival Barnasants	27 gener - 18 maig  	Resta de l'any	Viladecans	Baix Llobregat
Festival Barnasants	27 gener - 18 maig  	Resta de l'any	Sant Boi de Llobregat	Baix Llobregat
Festival Barnasants	27 gener - 18 maig  	Resta de l'any	Molins de Rei	Baix Llobregat
Festival Barnasants	27 gener - 18 maig  	Resta de l'any	Girona	Gironès
Festival Barnasants	27 gener - 18 maig  	Resta de l'any	Terrassa	Vallès Occidental
Festival Barnasants	27 gener - 18 maig  	Resta de l'any	Vila-seca	Tarragonès
Festival BBVA de Música Religiosa de Vic	31 març-5 abril	Resta de l'any	Vic	Osona
Festival BBVA de Música Religiosa de Vic	31 març-5 abril	Resta de l'any	les Masies de Roda	Osona
Festival Blues & Ritmes	25 març - 1 abril	Resta de l'any	Badalona	Barcelonès
Festival Boca 	10 de setembre	Resta de l'any	Barcelona	Barcelonès
Festival Carmen Amaya	17-19 novembre 	Resta de l'any	Begur	Baix Empordà
Festival Castell de Peralada (Edició de Pasqua)	6-8 abril	Resta de l'any	Peralada	Alt Empordà
Festival Castell de Peralada (Edició de Pasqua)	6-8 abril	Resta de l'any	Peralada	Alt Empordà
Festival Ciutat Flamenco (antic Festival de Flamenco de Ciutat Vella)	14 oct-5 nov	Resta de l'any	Barcelona	Barcelonès
Festival Clàssics L'Escala-Empúries	9 abril - 1 gener   	Resta de l'any	l'Escala	Alt Empordà
Festival Cruïlla Barcelona	5-8 juliol  	Estiu	Barcelona	Barcelonès
Festival Cruïlla DO Terra Alta	22 i 23 abril  	Resta de l'any	Batea	Terra Alta
Festival Cruïlla XXS	21 maig - 22 juny	Estiu	Barcelona	Barcelonès
Festival d'Estiu de Tarragona	26 maig - 6 agost	Estiu	Tarragona	Tarragonès
Festival de Arte Flamenco de Catalunya	6 maig-27 juny	Estiu	Cornellà de Llobregat	Baix Llobregat
Festival de Bandes d'Alcanar	7 de octubre 	Resta de l'any	Alcanar	Montsià
Festival de Bandes de Música d'Amposta	13 d'agost	Estiu	Amposta	Montsià
Festival de Blues de Barcelona	7-9 juliol	Estiu	Barcelona	Barcelonès
Festival de Blues de Santa Coloma 	Del 2 al 12 de febrer de  	Resta de l'any	Santa Coloma de Gramenet	Barcelonès
Festival de cançó de Taverna i Havaneres de Calella de Palafrugell (inclou Cantada d'Havaneres a Calella de Palafrugell)	1de juliol	Estiu	Palafrugell	Baix Empordà
Festival de Fado	16-17 setembre	Resta de l'any	Barcelona	Barcelonès
Festival de Flamencos… y otras Aves 	31 de març	Resta de l'any	Barcelona	Barcelonès
Festival de Guitarra Girona-Costa Brava	25 març - 24 setembre	Estiu	Palamós	Baix Empordà
Festival de Guitarra Girona-Costa Brava	25 març - 24 setembre	Estiu	Girona	Gironès
Festival de Guitarra Girona-Costa Brava	25 març - 24 setembre	Estiu	Flaçà	Gironès
Festival de Guitarra Girona-Costa Brava	25 març - 24 setembre	Estiu	Santa Cristina d'Aro	Baix Empordà
Festival de Guitarra Girona-Costa Brava	25 març - 24 setembre	Estiu	Castell-Platja d'Aro	Baix Empordà
Festival de Guitarra Girona-Costa Brava	25 març - 24 setembre	Estiu	Salt	Gironès
Festival de Guitarra Girona-Costa Brava	25 març - 24 setembre	Estiu	Llançà	Alt Empordà
Festival de Guitarra Girona-Costa Brava	25 març - 24 setembre	Estiu	Sant Gregori	Gironès
Festival de Jazz d'Arenys de Mar	28 juliol - 25 agost	Estiu	Arenys de Mar	Maresme
Festival de Jazz de Figueres	16-18 de juliol	Estiu	Figueres	Alt Empordà
Festival de Jazz de Granollers	3 febrer - 31 març	Resta de l'any	Granollers	Vallès Oriental
Festival de Jazz de la Costa Brava	7-15 octubre	Resta de l'any	Palafrugell	Baix Empordà
Festival de Jazz de La Garriga	4 de juny	Estiu	la Garriga	Vallès Oriental
Festival de Jazz de Terrassa	08 març - 26 març	Resta de l'any	Terrassa	Vallès Occidental
Festival de Jazz. Jazz Galet Club	Maig	Resta de l'any	Sant Pol de Mar	Maresme
Festival de Música a les Vinyes	16 Juny - 29 Juliol	Estiu	Subirats	Alt Penedès
Festival de Música Antiga dels Pirineus (FEMAP)	7 juliol - 20 agost	Estiu	la Seu d'Urgell	Alt Urgell
Festival de Música Clàssica Castell de Santa Florentina	Juliol, agost	Estiu	Caldes d'Estrac	Maresme
Festival de Música Clàssica de Sant Pere de Rodes	15 juliol - 26 agost	Estiu	el Port de la Selva	Alt Empordà
Festival de Música Clàssica i Tradicional d'Esplugues de Llobregat	gener. febrer, març, abril, maig, juny, juliol, agost, setembre, octubre	Estiu	Esplugues de Llobregat	Baix Llobregat
Festival de Música de Begur - Petit Festival de Música de Begur	28 juliol - 13 agost	Estiu	Begur	Baix Empordà
Festival de Música de Besalú	3-24 setembre	Resta de l'any	Besalú	Garrotxa
Festival de Música de la Vall de Camprodon	Dates per confirmar	Resta de l'any	Camprodon	Ripollès
Festival de Música de la Vila de Rialp	30 juliol - 21 agost	Estiu	Rialp	Pallars Sobirà
Festival de Música de Santes Creus	28 juliol - 15 agost	Estiu	Aiguamúrcia	Alt Camp
Festival de Música del Baix Montseny	Gener, febrer (  data pemdent confirmar)	Resta de l'any	Gualba	Vallès Oriental
Festival de Música del Baix Penedès	6 agost - 3 setembre	Estiu	Calafell	Baix Penedès
Festival de Música del Castell de la Concabella	14 gener - 4 març	Resta de l'any	els Plans de Sió	Segarra
Festival de Música del Maresme	Juny, juliol, agost, setembre	Estiu	Arenys de Mar	Maresme
Festival de Música del Maresme	Juny, juliol, agost, setembre	Estiu	Cabrera de Mar	Maresme
Festival de Música del Maresme	Juny, juliol, agost, setembre	Estiu	Cabrils	Maresme
Festival de Música del Maresme	Juny, juliol, agost, setembre	Estiu	Premià de Mar	Maresme
Festival de Música del Maresme	Juny, juliol, agost, setembre	Estiu	Sant Vicenç de Montalt	Maresme
Festival de Música del Maresme	Juny, juliol, agost, setembre	Estiu	Teià	Maresme
Festival de Música del Maresme	Juny, juliol, agost, setembre	Estiu	Vilassar de Mar	Maresme
Festival de Música del Maresme	Juny, juliol, agost, setembre	Estiu	Premià de Dalt	Maresme
Festival de música i rumba catalana	16-18 juny	Estiu	Tossa de Mar	Selva
Festival de Música Isaac Albéniz de Camprodon	2 juliol - 11 agost	Estiu	Camprodon	Ripollès
Festival de Música Marcos Redondo	Juliol, agost	Estiu	Viladrau	Osona
Festival de Noves Sonoritats Gong	15-16 Juliol	Estiu	Collbató	Baix Llobregat
Festival de Pasqua de Cervera	Març - Abril	Resta de l'any	Cervera	Segarra
Festival de Tardor de Sant Gregori	9 set -10 d'octubre	Resta de l'any	Sant Gregori	Gironès
Festival de Torroella de Montgrí	29 juliol - 20 agost	Estiu	Torroella de Montgrí	Baix Empordà
Festival Deficitari 	8 de juliol de  	Estiu	Espolla	Alt Empordà
Festival del Mil·lenni 	7 setembre   - 9 maig  	Resta de l'any	Barcelona	Barcelonès
Festival Dixieland de Tarragona	Abril - Maig	Resta de l'any	Tarragona	Tarragonès
Festival Dona Art en femení	1-10 setembre	Resta de l'any	Sitges	Garraf
Festival Els Grans del Gospel	7-8 desembre	Resta de l'any	Barcelona	Barcelonès
Festival Els Grans del Gospel	7-8 desembre	Resta de l'any	Girona	Gironès
Festival Els Grans del Gospel	7-8 desembre	Resta de l'any	Terrassa	Vallès Occidental
Festival Els Grans del Gospel	7-8 desembre	Resta de l'any	Sant Cugat del Vallès	Vallès Occidental
Festival Els Grans del Gospel	7-8 desembre	Resta de l'any	Lleida	Segrià
Festival Els Grans del Gospel	7-8 desembre	Resta de l'any	Santa Coloma de Gramenet	Barcelonès
Festival Els Grans del Gospel	7-8 desembre	Resta de l'any	Granollers	Vallès Oriental
Festival Els Grans del Gospel	7-8 desembre	Resta de l'any	l'Hospitalet de Llobregat	Barcelonès
Festival Emergència	14 de juliol	Estiu	Barcelona	Barcelonès
Festival Emergent. Festival d’arts en viu del Gironès	29 juny - 8 juliol	Estiu	Sarrià de Ter	Gironès
Festival Emergent. Festival d’arts en viu del Gironès	29 juny - 8 juliol	Estiu	Fornells de la Selva	Gironès
Festival Emergent. Festival d’arts en viu del Gironès	29 juny - 8 juliol	Estiu	Cervià de Ter	Gironès
Festival Emergent. Festival d’arts en viu del Gironès	29 juny - 8 juliol	Estiu	Vilablareix	Gironès
Festival Emergent. Festival d’arts en viu del Gironès	29 juny - 8 juliol	Estiu	Sant Gregori	Gironès
Festival Emergent. Festival d’arts en viu del Gironès	29 juny - 8 juliol	Estiu	Madremanya	Gironès
Festival Empremtes	7 gener - 25 febrer 	Resta de l'any	Barcelona	Barcelonès
Festival Folk Internacional Tradicionàrius	13 gener-31 de març  	Resta de l'any	Barcelona	Barcelonès
Festival Francesc Viñas de Moià. Festival de Música de la Catalunya Central	9 Juliol - 20 Agost	Estiu	Moià	Moianès
Festival Gloriós	26 a 28 d'agost	Estiu	Vilafranca del Penedès	Alt Penedès
Festival Grec de Barcelona	juliol	Estiu	Barcelona	Barcelonès
Festival Hivernacle	3 al 5 de març	Resta de l'any	Vilafranca del Penedès	Alt Penedès
Festival Internacional d'Arpa de Sentmenat	8-9 juliol	Estiu	Sentmenat	Vallès Occidental
Festival Internacional d'Orgue a Igualada	5 març- 2 abril	Resta de l'any	Igualada	Anoia
Festival Internacional d'Orgue de Montserrat - FIOM de Proximitat II	14 maig - 19 agost	Estiu	Monistrol de Montserrat	Bages
Festival Internacional de Blues de Cerdanyola	 28 de setembre i el 8 d'octubre de  .	Resta de l'any	Cerdanyola del Vallès	Vallès Occidental
Festival Internacional de Cant Coral Barcelona	3-8 juliol	Estiu	Barcelona	Barcelonès
Festival Internacional de Cant Coral Catalunya Centre	Setembre	Resta de l'any	Puig-reig	Berguedà
Festival Internacional de Cant Coral Catalunya Centre	Setembre	Resta de l'any	Castellbell i el Vilar	Bages
Festival Internacional de Carilló de Barcelona	12-23 Juliol	Estiu	Barcelona	Barcelonès
Festival Internacional de Guitarra 	19-23 de juliol	Estiu	Vandellòs i l'Hospitalet de l'Infant	Baix Camp
Festival Internacional de la Porta Ferrada	30 juny - 20 agost	Estiu	Sant Feliu de Guíxols	Baix Empordà
Festival Internacional de Música Clàssica a Bigues i Riells	1-2 abril 	Resta de l'any	Bigues i Riells del Fai	Vallès Oriental
Festival Internacional de Música Clàssica de Sant Fruitós. Memorial Eduard Casajoana	6-27 juliol	Estiu	Sant Fruitós de Bages	Bages
Festival Internacional de Música d'Altafulla	4-24 agost	Estiu	Altafulla	Tarragonès
Festival Internacional de Música de Cabrils, MUSICAB	14-16 juliol	Estiu	Cabrils	Maresme
Festival Internacional de Música de Cambrils	28 juliol-6 agost	Estiu	Cambrils	Baix Camp
Festival Internacional de Música de Cervera 	16-22 Juliol	Estiu	Cervera	Segarra
Festival Internacional de Música de Matadepera	7-14 juliol	Estiu	Matadepera	Vallès Occidental
Festival Internacional de Música de Prades	28 juliol - 8 agost	Estiu	Prades	Baix Camp
Festival Internacional de Música de Ripoll	1 juliol - 31 agost	Estiu	Ripoll	Ripollès
Festival Internacional de Música de Tardor Orgues de Ponent i del Pirineu	10 setembre - 9 desembre	Resta de l'any	Verdú	Urgell
Festival Internacional de Música de Tardor Orgues de Ponent i del Pirineu	10 setembre - 9 desembre	Resta de l'any	Lleida	Segrià
Festival Internacional de Música de Tardor Orgues de Ponent i del Pirineu	10 setembre - 9 desembre	Resta de l'any	Os de Balaguer	Noguera
Festival Internacional de Música de Tardor Orgues de Ponent i del Pirineu	10 setembre - 9 desembre	Resta de l'any	les Borges Blanques	Garrigues
Festival Internacional de Música de Tardor Orgues de Ponent i del Pirineu	10 setembre - 9 desembre	Resta de l'any	Tremp	Pallars Jussà
Festival Internacional de Música de Tardor Orgues de Ponent i del Pirineu	10 setembre - 9 desembre	Resta de l'any	la Pobla de Segur	Pallars Jussà
Festival Internacional de Música de Tardor Orgues de Ponent i del Pirineu	10 setembre - 9 desembre	Resta de l'any	Talarn	Pallars Jussà
Festival Internacional de Música de Tardor Orgues de Ponent i del Pirineu	10 setembre - 9 desembre	Resta de l'any	Tàrrega	Urgell
Festival Internacional de Música de Tardor Orgues de Ponent i del Pirineu	10 setembre - 9 desembre	Resta de l'any	Torres de Segre	Segrià
Festival Internacional de Música de Tardor Orgues de Ponent i del Pirineu	10 setembre - 9 desembre	Resta de l'any	la Seu d'Urgell	Alt Urgell
Festival Internacional de Música de Tardor Orgues de Ponent i del Pirineu	10 setembre - 9 desembre	Resta de l'any	Sant Llorenç de Morunys	Solsonès
Festival Internacional de Música de Tardor Orgues de Ponent i del Pirineu	10 setembre - 9 desembre	Resta de l'any	Puigcerdà	Cerdanya
Festival Internacional de Música Experimental LEM 	5 i 28 octubre	Resta de l'any	Barcelona	Barcelonès
Festival Internacional de Música Pau Casals	07-22 juliol	Estiu	el Vendrell	Baix Penedès
Festival Internacional de Música Sacra de Tortosa	31 març - 4 abril	Resta de l'any	Tortosa	Baix Ebre
Festival Internacional de Música Tradicional i Popular de Vilanova i la Geltrú FIMPT	6-9 juliol	Estiu	Vilanova i la Geltrú	Garraf
Festival ÍTACA, Cultura i Acció	8 abril-2 juliol	Estiu	Torroella de Montgrí	Baix Empordà
Festival ÍTACA, Cultura i Acció	8 abril-2 juliol	Estiu	Girona	Gironès
Festival ÍTACA, Cultura i Acció	8 abril-2 juliol	Estiu	Palafrugell	Baix Empordà
Festival ÍTACA, Cultura i Acció	8 abril-2 juliol	Estiu	l'Escala	Alt Empordà
Festival ÍTACA, Cultura i Acció	8 abril-2 juliol	Estiu	la Pera	Baix Empordà
Festival ÍTACA, Cultura i Acció	8 abril-2 juliol	Estiu	Gualta	Baix Empordà
Festival ÍTACA, Cultura i Acció	8 abril-2 juliol	Estiu	Corçà	Baix Empordà
Festival Jardins de Cap Roig	14 juliol-19 agost	Estiu	Palafrugell	Baix Empordà
Festival Jardins de Terramar	28 juliol - 9 agost	Estiu	Sitges	Garraf
Festival Jordi Savall	28 juliol - 15 d'agost	Estiu	Montblanc	Conca de Barberà
Festival Jordi Savall	28 juliol - 15 d'agost	Estiu	Aiguamúrcia	Alt Camp
Festival Jordi Savall	28 juliol - 15 d'agost	Estiu	Vimbodí i Poblet	Conca de Barberà
Festival Karxofarock	1 de juliol	Estiu	Sant Boi de Llobregat	Baix Llobregat
Festival Llums d'Antiga	Abril	Resta de l'any	Barcelona	Barcelonès
Festival Maig 	26-27 maig	Resta de l'any	Santa Coloma de Queralt	Conca de Barberà
Festival Mas i Mas	27 juliol - 2 setembre	Estiu	Barcelona	Barcelonès
Festival MEB (Músiques per Escampar la Boira)	sense informació	Resta de l'any	Calaf	Anoia
Festival Mixtur. Músiques de recerca i creació multidisciplinària. Barcelona	5-15 octubre	Resta de l'any	Barcelona	Barcelonès
Festival Musica't Pals	18 juliol-13 agost	Estiu	Pals	Baix Empordà
Festival Musiquem Lleida	7-9 octubre	Resta de l'any	Lleida	Segrià
Festival Nits de Jazz a Platja d'Aro	7 juliol - 25 agost	Estiu	Castell-Platja d'Aro	Baix Empordà
Festival Nosaltres	20 juliol - 24 agost	Estiu	Mataró	Maresme
Festival Observa 	25 maig - 11 juny	Estiu	Sabadell	Vallès Occidental
Festival Pas, Pont a les Arts Sonores a Martorell	7-22 juliol	Estiu	Martorell	Baix Llobregat
Festival Petit Paradís 	28 juliol - 6 agost	Estiu	Tossa de Mar	Selva
Festival Pingüí 	1de juliol	Estiu	Flix	Ribera d'Ebre
Festival Portalblau	31 març - 5 setembre	Estiu	l'Escala	Alt Empordà
Festival Real 360'. Experiències musicals binaurals	30 set  1 octubre	Resta de l'any	Barcelona	Barcelonès
Festival Ressons Penedès	28-30 abril	Resta de l'any	Torrelles de Foix	Alt Penedès
Festival Ressons Penedès	28-30 abril	Resta de l'any	Sant Sadurní d'Anoia	Alt Penedès
Festival Ressons Penedès	28-30 abril	Resta de l'any	Castellet i la Gornal	Alt Penedès
Festival Ressons Penedès	28-30 abril	Resta de l'any	les Cabanyes	Alt Penedès
Festival Ressons Penedès	28-30 abril	Resta de l'any	Santa Fe del Penedès	Alt Penedès
Festival Ressons Penedès	28-30 abril	Resta de l'any	Vilobí del Penedès	Alt Penedès
Festival Ressons Penedès	28-30 abril	Resta de l'any	Subirats	Alt Penedès
Festival Ressons Penedès	28-30 abril	Resta de l'any	Sant Cugat Sesgarrigues	Alt Penedès
Festival Reus Blues	6 juliol - 7 setembre	Estiu	Reus	Baix Camp
Festival Roca Foradada	22 juliol - 19 agost	Estiu	Torredembarra	Tarragonès
Festival Roselles 32	1-28 octubre	Resta de l'any	l'Hospitalet de Llobregat	Barcelonès
Festival Rumba i Música Catalana 	9 - 11 juny	Estiu	Tossa de Mar	Selva
Festival Solfejant	13 Juliol - 3 agost	Estiu	Cassà de la Selva	Gironès
Festival Son Solers	7 de juliol	Estiu	Sant Pere de Ribes	Garraf
Festival Sons del Món a Vilabertran i Roses	21 juliol-7 agost	Estiu	Roses	Alt Empordà
Festival Sons del Món a Vilabertran i Roses	21 juliol-7 agost	Estiu	Vilabertran	Alt Empordà
Festival Strenes	31 març-6 maig	Resta de l'any	Girona	Gironès
Festival Strenes Urbana	13 de maig	Resta de l'any	Barcelona	Barcelonès
Festival Talent	3 de juliol	Estiu	Barcelona	Barcelonès
Festival Terrer	29 juliol - 9 desembre  	Estiu	Siurana	Alt Empordà
Festival Terrer	29 juliol - 9 desembre  	Estiu	el Masroig	Priorat
Festival Terrer	29 juliol - 9 desembre  	Estiu	el Lloar	Priorat
Festival Terrer	29 juliol - 9 desembre  	Estiu	Gratallops	Priorat
Festival Torroella	29 juliol - 18 agost	Estiu	Torroella de Montgrí	Baix Empordà
Festival Transfronterer	22 juliol - 28 agost	Estiu	Puigcerdà	Cerdanya
Festival Underforest de cultura alternativa	13 de maig	Resta de l'any	Arbúcies	Selva
Festival Vallviva	12-15 juliol	Estiu	la Vall d'en Bas	Garrotxa
Festivalet del Collsacabra	15 de juliol	Estiu	l'Esquirol	Osona
Festivalot	27-28 maig	Resta de l'any	Girona	Gironès
Festivals Alta Segarra	30 juny - 28 juliol	Estiu	Calaf	Anoia
Festivals Alta Segarra	30 juny - 28 juliol	Estiu	Calonge de Segarra	Anoia
FIM, Fira de Música Emergent i Familiar 	4-7 maig	Resta de l'any	Vila-seca	Tarragonès
Fira Internacional del Disc de Barcelona	6-8 octubre  	Resta de l'any	Barcelona	Barcelonès
Fira Mediterrània de Manresa - Estepa Mediterrània (Off Fira Mediterrània)	5-8 octubre  	Resta de l'any	Manresa	Bages
fITM, festival Internacional del Terracota Museu	5-26 juliol	Estiu	la Bisbal d'Empordà	Baix Empordà
FlamenGi - Festival Flamenc de Girona	10-26 novembre	Resta de l'any	Girona	Gironès
Floral 	12-14 maig	Resta de l'any	Vilassar de Mar	Maresme
Floral 	12-14 maig	Resta de l'any	Vilassar de Dalt	Maresme
Flors i Violes	29 abril - 1 maig	Resta de l'any	Palafrugell	Baix Empordà
Fred Festival	12-14 maig	Resta de l'any	Terrassa	Vallès Occidental
Fresc Festival Sabadell	25 juny - 13 juliol	Estiu	Sabadell	Vallès Occidental
Fringe	15-19 de juliol	Estiu	Torroella de Montgrí	Baix Empordà
Fringe	15-19 de juliol	Estiu	Torroella de Montgrí	Baix Empordà
Garrigues Guitar Festival - Memorial Emili Pujol	1 juliol-25 agost	Estiu	Arbeca	Garrigues
Garrigues Guitar Festival - Memorial Emili Pujol	1 juliol-25 agost	Estiu	Bellaguarda	Garrigues
Garrigues Guitar Festival - Memorial Emili Pujol	1 juliol-25 agost	Estiu	les Borges Blanques	Garrigues
Garrigues Guitar Festival - Memorial Emili Pujol	1 juliol-25 agost	Estiu	el Cogul	Garrigues
Garrigues Guitar Festival - Memorial Emili Pujol	1 juliol-25 agost	Estiu	l'Espluga Calba	Garrigues
Garrigues Guitar Festival - Memorial Emili Pujol	1 juliol-25 agost	Estiu	Vinaixa	Garrigues
Garrigues Guitar Festival - Memorial Emili Pujol	1 juliol-25 agost	Estiu	Torrebesses	Segrià
Girona A Cappella Festival	13-21 maig	Resta de l'any	Girona	Gironès
Girona Music Festival	1-10 juliol	Estiu	Girona	Gironès
Guitar BCN	27 gener-29 juny  	Estiu	Barcelona	Barcelonès
Harmonia - Festival familiar en la diversitat	30 de juliol	Estiu	les Planes d'Hostoles	Garrotxa
Idilic Festival 	28-29 juliol	Estiu	Castell-Platja d'Aro	Baix Empordà
Improfest	Març	Resta de l'any	Barcelona	Barcelonès
In-Somni	28 març - 27 octubre	Estiu	Girona	Gironès
Inspira. Festival Inclusiu	30 de setembre	Resta de l'any	Ripoll	Ripollès
Instants 	10 juny -22 juliol	Estiu	Subirats	Alt Penedès
Interfado	20 octubre - 4 novembre	Resta de l'any	la Seu d'Urgell	Alt Urgell
Interfado	20 octubre - 4 novembre	Resta de l'any	Lleida	Segrià
Interludi, Festival de Música de Calonge	Juliol, agost	Estiu	Calonge i Sant Antoni	Baix Empordà
International Music Festival Ebre Terra de Vent	Dates per confirmar	Resta de l'any	Tortosa	Baix Ebre
Irídia Fest: Drets humans i cultura	Del 2 al 3 de febrer (tiquets inclou 4 de febrer)	Resta de l'any	Barcelona	Barcelonès
Itinera, Música als Micropobles	1 abril - 31 oct	Estiu	Duesaigües	Baix Camp
Itinera, Música als Micropobles	1 abril - 31 oct	Estiu	Vallbona de les Monges	Urgell
Itinera, Música als Micropobles	1 abril - 31 oct	Estiu	Pradell de la Teixeta	Priorat
Itinera, Música als Micropobles	1 abril - 31 oct	Estiu	Fortià	Alt Empordà
Itinera, Música als Micropobles	1 abril - 31 oct	Estiu	la Pera	Baix Empordà
Itinera, Música als Micropobles	1 abril - 31 oct	Estiu	Sant Miquel de Campmajor	Pla de l'Estany
Itinera, Música als Micropobles	1 abril - 31 oct	Estiu	Granera	Moianès
Itinera, Música als Micropobles	1 abril - 31 oct	Estiu	Riner	Solsonès
Itinera, Música als Micropobles	1 abril - 31 oct	Estiu	Renau	Tarragonès
Itinera, Música als Micropobles	1 abril - 31 oct	Estiu	Aspa	Segrià
Itinera, Música als Micropobles	1 abril - 31 oct	Estiu	Pinós	Solsonès
Itinera, Música als Micropobles	1 abril - 31 oct	Estiu	Madremanya	Gironès
Itinera, Música als Micropobles	1 abril - 31 oct	Estiu	Montoliu de Lleida	Segrià
Itinera, Música als Micropobles	1 abril - 31 oct	Estiu	Mieres	Garrotxa
Itinera, Música als Micropobles	1 abril - 31 oct	Estiu	Susqueda	Selva
Itinera, Música als Micropobles	1 abril - 31 oct	Estiu	Planoles	Ripollès
Itinera, Música als Micropobles	1 abril - 31 oct	Estiu	les Avellanes i Santa Linya	Noguera
Itinera, Música als Micropobles	1 abril - 31 oct	Estiu	Tiurana	Noguera
Itinera, Música als Micropobles	1 abril - 31 oct	Estiu	Borredà	Berguedà
Itinera, Música als Micropobles	1 abril - 31 oct	Estiu	Agullana	Alt Empordà
Jazz a l'Auditori de El Vendrell	23 de març	Resta de l'any	el Vendrell	Baix Penedès
Jazz Festival L'Estartit	20-23 juliol	Estiu	Torroella de Montgrí	Baix Empordà
Jazzing!	1-3 setembre	Resta de l'any	Barcelona	Barcelonès
Jazzing. Festival de Jazz de Sant Andreu	1-3 setembre	Resta de l'any	Barcelona	Barcelonès
Jazztardor. Festival Jazz Tardor de Lleida	15 octubre - 16 desembre	Resta de l'any	Lleida	Segrià
Jazztronica Fest & Market	22-23 abril	Resta de l'any	Barcelona	Barcelonès
Juliol de Música i Poesia	9-23 Juliol	Estiu	Balaguer	Noguera
L'Hora del Jazz. Memorial Tete Montoliu	 9 setembre - 1 octubre de  	Resta de l'any	l'Hospitalet de Llobregat	Barcelonès
La Pedrera Jazz	8 juny - 18 agost	Estiu	Barcelona	Barcelonès
Les Nits de Barcelona - Palau de Pedralbes	26 de juny - 26 de juliol	Estiu	Barcelona	Barcelonès
Let's Festival	3 de març a l'1 d'abril	Resta de l'any	L'Hospitalet de Llobregat	Barcelonès
Límbic, Festival itinerant de creació contemporània	5-6 maig	Resta de l'any	Sitges	Garraf
Lo Riu Sona	10 de juny	Estiu	Amposta	Montsià
Macroclima	28 a 30 juliol	Estiu	Camprodon	Ripollès
Magnífic Fest	15-18 juny	Estiu	Lleida	Segrià
Maldaltura	14-15 Juliol	Estiu	Sort	Pallars Sobirà
Maleducats, Festival Internacional de Música Urbana de Catalunya	15 i 16 de juliol	Estiu	Terrassa	Vallès Occidental
Meeec Festival de Músiques Urbanes	 21 abril	Resta de l'any	l'Hospitalet de Llobregat	Barcelonès
Mercat de Música Viva de Vic 	13-16 setembre  	Resta de l'any	Vic	Osona
Meridiana Rock	17 de maig	Resta de l'any	Barcelona	Barcelonès
Microclima 	20 de maig al 10 de juny	Estiu	Camprodon	Ripollès
MiniBeat	Maig	Resta de l'any	Granollers	Vallès Oriental
Minifestival de música independent de Barcelona	Gener, Febrer	Resta de l'any	Barcelona	Barcelonès
Mirallsonor	30 de juny	Estiu	Tarragona	Tarragonès
Mirarock	juny	Estiu	Miravet	Ribera d'Ebre
Misonny Art Festival, Festival d'Art de Mas Sorrer	9-10 juliol	Estiu	Gualta	Baix Empordà
Místic	Maig	Resta de l'any	Salt	Gironès
Moianès Sona	09 juliol - 15 juliol	Estiu	Granera	Moianès
Moianès Sona	09 juliol - 15 juliol	Estiu	Moià	Moianès
Moianès Sona	09 juliol - 15 juliol	Estiu	Castellcir	Moianès
Molí de l'Esclop	23-24 juliol	Estiu	Caldes de Montbui	Vallès Oriental
Mon Amour Summer Festival	22-23 juny	Estiu	Mollerussa	Pla d'Urgell
Mostra de Jazz	Juny, juliol	Estiu	Tortosa	Baix Ebre
Mostra Festival	06 -09 abril	Resta de l'any	Barcelona	Barcelonès
MUD, Festival Músiques Disperses	23 al 25 de març	Resta de l'any	Lleida	Segrià
Música a la Vila. Festival de Música Tradicional	3 - 31 agost	Estiu	el Vendrell	Baix Penedès
Musicant 	29 agost -2 setembre 	Estiu	Campllong	Gironès
Musik'n'Viu	30 juny - 7 juliol	Estiu	Granollers	Vallès Oriental
Mussol	6 setembre	Resta de l'any	Barcelona	Barcelonès
Neu!	26 novembre   - 28 gener	Resta de l'any	Girona	Gironès
Neu!	26 novembre   - 28 gener	Resta de l'any	Salt	Gironès
Nit de bosc	17-18 Juny	Estiu	Banyoles	Pla de l'Estany
Nits a dalt de Vila	2-30 setembre	Resta de l'any	Tossa de Mar	Selva
Nits Culturals de Sant Pere Sallavinera	7-8 juliol	Estiu	Sant Pere Sallavinera	Anoia
Nits d'Estiu	Juliol	Estiu	Cornellà de Llobregat	Baix Llobregat
Nits d'Estiu a Calella - El Festival del Far de Calella	30 juny - 1 setembre	Estiu	Calella	Maresme
Nits d'estiu del Museu a l'Anís del Mono	7-21 Juliol	Estiu	Badalona	Barcelonès
Nits de Blues al Poble Espanyol	2-30 agost	Estiu	Barcelona	Barcelonès
Nits de Clàssica a l'Auditori	26 juny - 30 juliol	Estiu	Girona	Gironès
Nits de Jazz Santa Cristina d'Aro	Juliol, agost	Estiu	Castell-Platja d'Aro	Baix Empordà
Nits de Música als Jardins Lola Anglada	7-28 juliol	Estiu	Tiana	Maresme
Nits Musicals Brufaganya 	10 de juny - 9 de setembre	Estiu	Pontils	Conca de Barberà
Nomad Festival	19 maig - 30 juliol	Estiu	Tortosa	Baix Ebre
Nomad Festival	19 maig - 30 juliol	Estiu	Cambrils	Baix Camp
Nomad Festival	19 maig - 30 juliol	Estiu	Malgrat de Mar	Maresme
Nomad Festival	19 maig - 30 juliol	Estiu	Olot	Garrotxa
Nomad Festival	19 maig - 30 juliol	Estiu	Calonge i Sant Antoni	Baix Empordà
Notes al Parc	8 juliol - 23 agost	Estiu	Girona	Gironès
Nowa Reggae	14-15 juliol	Estiu	Vilanova i la Geltrú	Garraf
Occident Summerfest Cerdanya	17-26 agost	Estiu	Puigcerdà	Cerdanya
Offweek Festival	16 i 17 juny  	Estiu	Barcelona	Barcelonès
Òpera Popular de Barcelona	1 d'abril - 6 de decembre  	Resta de l'any	Barcelona	Barcelonès
Palo Market Fest	Gener, Desembre	Resta de l'any	Barcelona	Barcelonès
Paral·lel Festival	1-3 setembre	Resta de l'any	Guardiola de Berguedà	Berguedà
Paupaterres. Festival Internacional de Ritmes Ètnics	12-15 juliol	Estiu	Tàrrega	Urgell
Perifèria Beat	05-20 octubre	Resta de l'any	Barcelona	Barcelonès
Petits Camaleons - Petits Camaleons (Forts i Valents)	29 setembre - 1 octubre 	Resta de l'any	Sant Cugat del Vallès	Vallès Occidental
Planestiueja't	30 juny - 29 juliol	Estiu	les Planes d'Hostoles	Garrotxa
Polar Sound	març	Resta de l'any	Naut Aran	Val d'Aran
Ponent Roots Festival	26-27 gener  	Resta de l'any	Lleida	Segrià
Posidònia Fest	31 agost - 2 setembre	Estiu	Mataró	Maresme
Primavera Coral 	21 abril a 19 maig	Resta de l'any	Barcelona	Barcelonès
Primavera LIFE 2023. Lied Festival Victoria de los Ángeles	3 - 19 maig	Resta de l'any	Barcelona	Barcelonès
Primavera Pro (Primavera Sound)	31 maig - 4 juny	Estiu	Barcelona	Barcelonès
Primavera Sound	1-3 juny  	Estiu	Barcelona	Barcelonès
Punx Fest	1 de abril	Resta de l'any	Martorell	Baix Llobregat
Raimat Arts Festival	6-8 octubre	Resta de l'any	Lleida	Segrià
Reggus. Festival de Reggae, Ska i altres herbes	Maig	Resta de l'any	Reus	Baix Camp
Reggus. Festival de Reggae, Ska i altres herbes	Maig	Resta de l'any	Tarragona	Tarragonès
Reggus. Festival de Reggae, Ska i altres herbes	Maig	Resta de l'any	Salou	Tarragonès
Remor. Concerts a la fresca	6-27 juliol	Estiu	Teià	Maresme
Roda Folk. Festival de música tradicional	8-9 Juliol	Estiu	Roda de Ter	Osona
Room Music Festival	2 febrer - 22 juny	Estiu	Barcelona	Barcelonès
Sala Cat	5-19 juny 	Estiu	Barcelona	Barcelonès
Sala Cat	5-19 juny 	Estiu	l'Hospitalet de Llobregat	Barcelonès
Sala Cat	5-19 juny 	Estiu	Mataró	Maresme
Sala Cat	5-19 juny 	Estiu	Salt	Gironès
Say It Loud	15-16 juliol	Estiu	Barcelona	Barcelonès
Schubertíada a Vilabertran	11-27 agost	Estiu	Vilabertran	Alt Empordà
Schubertíada a Vilabertran	11-27 agost	Estiu	Castelló d'Empúries	Alt Empordà
Schubertíada a Vilabertran	11-27 agost	Estiu	Vilajuïga	Alt Empordà
Sensual Art Music Festival	14 febrer - 23 abril	Resta de l'any	Barcelona	Barcelonès
Serenates a la Geltrú	3-24 juny	Estiu	Vilanova i la Geltrú	Garraf
Share Festival. Music & Solidarity	9-10  juny	Estiu	Barcelona	Barcelonès
Sirga	16 juliol	Estiu	Flix	Ribera d'Ebre
Sirga	16 juliol	Estiu	Ascó	Ribera d'Ebre
Sirga	16 juliol	Estiu	Corbera d'Ebre	Terra Alta
Sirga	16 juliol	Estiu	Miravet	Ribera d'Ebre
Sirga	16 juliol	Estiu	Riba-roja d'Ebre	Ribera d'Ebre
Sirga	16 juliol	Estiu	Barcelona	Barcelonès
Som(riu)	17-18 juny	Estiu	Aldover	Baix Ebre
Sona Amer	14 gener - 17 març	Resta de l'any	Amer	Selva
SonaB	27-29 juliol	Estiu	Berga	Berguedà
Sonaestiu	13 agost - 3 setembre	Estiu	Calafell	Baix Penedès
Sónar - Sónar+D	15-17 juny  	Estiu	Barcelona	Barcelonès
Sonora	20 maig - 17 juny	Estiu	Barcelona	Barcelonès
Sons de Ciutat - Nadal	9 desembre   - 4 gener	Resta de l'any	Barcelona	Barcelonès
Sons del camí	13-22 de juliol	Estiu	Manresa	Bages
Sota la Palmera	30 juny - 5 agost	Estiu	Tarragona	Tarragonès
Soundit 2023	11 març - 20 maig	Resta de l'any	Barcelona	Barcelonès
Strenes	31 març - 6 maig  	Resta de l'any	Girona	Gironès
Subsol, Festival de cultura popular i subcultura	3 març - 12 maig	Resta de l'any	Barcelona	Barcelonès
Suite Festival BCN Music Experience	març - novembre  	Estiu	Barcelona	Barcelonès
Talarn Music Experience	14 juliol - 16 juliol	Estiu	Talarn	Pallars Jussà
Tarragona Music Festival	6 maig - 29 juliol	Estiu	Tarragona	Tarragonès
Tastautors 	12 de gener - 17 febrer 	Resta de l'any	Cardedeu	Vallès Oriental
Tempo sota les Estrelles	14 juliol- 6 agost	Estiu	Girona	Gironès
Terra de Trobadors de Castelló d'Empúries	8-10 setembre  	Resta de l'any	Castelló d'Empúries	Alt Empordà
Terrats en cultura	21 abril - 6 octubre	Estiu	Barcelona	Barcelonès
Terrats en cultura	21 abril - 6 octubre	Estiu	l'Hospitalet de Llobregat	Barcelonès
Tetafest	2 i 3 juny	Estiu	Tarragona	Tarragonès
The Exploding Fest	30 de novembre	Resta de l'any	Barcelona	Barcelonès
Tiana Antica. Festival de Música Antiga de Tiana	30 abril - 7 maig	Resta de l'any	Tiana	Maresme
Tingladu	20-22 juliol	Estiu	Vilanova i la Geltrú	Garraf
Toca'm. Festival de Piano de Tortosa	5 al 7 de maig	Resta de l'any	Tortosa	Baix Ebre
Trobada d'Acordionistes d'Arsèguel i La Seu d'Urgell	Juliol	Estiu	Arsèguel	Alt Urgell
Trobada d'Acordionistes d'Arsèguel i La Seu d'Urgell	Juliol	Estiu	la Seu d'Urgell	Alt Urgell
Trobada de Cançó d'Autor dels Països Catalans	5 d'agost	Estiu	Sant Pere de Riudebitlles	Alt Penedès
Trobada de Cantadors d'Espolla	14-15 juliol	Estiu	Espolla	Alt Empordà
Ulisses Fest	15-16 setembre	Resta de l'any	Premià de Dalt	Maresme
Vallviva, Festival dels sentits	12-15 juliol	Estiu	la Vall d'en Bas	Garrotxa
Vermell Jazz. Festival de Jazz de Manresa	Dates 2021 per confirmar	Resta de l'any	Manresa	Bages
Vesprades sota l'Alzina	1 de juliol	Estiu	Fonollosa	Bages
Vespres Musicals de Vilafant	7-21 Juliol	Estiu	Vilafant	Alt Empordà
Vida Festival	29 de juny - 1 juliol	Estiu	Vilanova i la Geltrú	Garraf
Vijazz Vilafranca	7-9 juliol	Estiu	Vilafranca del Penedès	Alt Penedès
VinyaSons	1 juny - 31 agost	Estiu	Vilafranca del Penedès	Alt Penedès
Voll-Damm Festival Internacional de Jazz de Barcelona i De Cajón  	18 setembre - 30 desembre	Resta de l'any	Barcelona	Barcelonès
Welove Fest	12 d'agost	Estiu	Amposta	Montsià
White Summer	4 - 15 agost	Estiu	Palamós	Baix Empordà
XII Mostra Sonora i Visual	6-10 juny	Estiu	Barcelona	Barcelonès
